[
    {
        "systemId":"0001",
        "seq":1,
        "probeNm":"서비스 WAS SERVER #1 Check",
        "urlPath":"http://system/check1",
        "probeTm":"2020-07-02 09:13",
        "failTm":"",
        "succCnt":0,
        "failCnt":0,
        "status":"S",
        "remark":""
    },
    {
        "systemId":"0001",
        "seq":2,
        "probeNm":"서비스 WAS SERVER #2 Check",
        "urlPath":"http://system/check2",
        "probeTm":"2020-07-02 09:13",
        "failTm":"",
        "succCnt":0,
        "failCnt":0,
        "status":"S",
        "remark":""
    },
    {
        "systemId":"0001",
        "seq":3,
        "probeNm":"DB SERVER #3 Check",
        "urlPath":"http://system/check3",
        "probeTm":"2020-07-02 09:13",
        "failTm":"",
        "succCnt":0,
        "failCnt":0,
        "status":"S",
        "remark":""
    },
    {
        "systemId":"0002",
        "seq":1,
        "probeNm":"B2C WAS SERVER #1 Check",
        "urlPath":"http://system/check1",
        "probeTm":"2020-07-02 09:13",
        "failTm":"",
        "succCnt":0,
        "failCnt":0,
        "status":"S",
        "remark":""
    },
    {
        "systemId":"0002",
        "seq":2,
        "probeNm":"B2C WAS SERVER #2 Check",
        "urlPath":"http://system/check2",
        "probeTm":"2020-07-02 09:13",
        "failTm":"",
        "succCnt":0,
        "failCnt":0,
        "status":"F",
        "remark":""
    },
    {
        "systemId":"0002",
        "seq":3,
        "probeNm":"DB SERVER Check",
        "urlPath":"http://system/check3",
        "probeTm":"2020-07-02 09:13",
        "failTm":"",
        "succCnt":0,
        "failCnt":0,
        "status":"F",
        "remark":""
    },
    {
        "systemId":"0003",
        "seq":1,
        "probeNm":"중개 AP SERVER Check",
        "urlPath":"http://system/check",
        "probeTm":"2020-07-02 09:13",
        "failTm":"",
        "succCnt":0,
        "failCnt":0,
        "status":"S",
        "remark":""
    },
    {
        "systemId":"0003",
        "seq":2,
        "probeNm":"DW SERVER",
        "urlPath":"http://system/check",
        "probeTm":"2020-07-02 09:13",
        "failTm":"",
        "succCnt":0,
        "failCnt":0,
        "status":"S",
        "remark":""
    },
    {
        "systemId":"0004",
        "seq":1,
        "probeNm":"AGENT SERVICE CHECK",
        "urlPath":"http://system/check",
        "probeTm":"2020-07-02 09:13",
        "failTm":"",
        "succCnt":0,
        "failCnt":0,
        "status":"S",
        "remark":""
    },
    {
        "systemId":"0005",
        "seq":1,
        "probeNm":"AGENT SERVICE CHECK",
        "urlPath":"http://system/check",
        "probeTm":"2020-07-02 09:13",
        "failTm":"",
        "succCnt":0,
        "failCnt":0,
        "status":"S",
        "remark":""
    }
]


