[
    {
        "systemId":"0001",
        "seq":1,
        "respNm":"박상수",
        "respDeptNm":"U-커뮤니케이션사업팀",
        "phoneNo":"01000000000",
        "remark":""
    },
    {
        "systemId":"0001",
        "seq":2,
        "respNm":"권혁재",
        "respDeptNm":"U-커뮤니케이션사업팀",
        "phoneNo":"01000000000",
        "remark":""
    },
    {
        "systemId":"0002",
        "seq":1,
        "respNm":"김태현",
        "respDeptNm":"U-커뮤니케이션사업팀",
        "phoneNo":"01000000000",
        "remark":""
    },
    {
        "systemId":"0003",
        "seq":1,
        "respNm":"김태현",
        "respDeptNm":"U-커뮤니케이션사업팀",
        "phoneNo":"01000000000",
        "remark":""
    },
    {
        "systemId":"0003",
        "seq":2,
        "respNm":"윤복영",
        "respDeptNm":"U-커뮤니케이션사업팀",
        "phoneNo":"01000000000",
        "remark":""
    },
    {
        "systemId":"0004",
        "seq":1,
        "respNm":"차아이티",
        "respDeptNm":"IT운영팀",
        "phoneNo":"01000000000",
        "remark":""
    },
    {
        "systemId":"0005",
        "seq":1,
        "respNm":"김운영",
        "respDeptNm":"GS RETAIL 운영팀",
        "phoneNo":"01000000000",
        "remark":""
    }
]


