[
    {
        "systemId":"0001",
        "systemNm":"U.STRA TALK SERVER",
        "systemGrpId":"001",
        "systemGrpNm":"U.STRA TALK",
        "mngDeptNm":"U-커뮤니케이션사업팀",
        "probeTm":"2020-07-02 09:13",
        "failTm":"",
        "succCnt":0,
        "failCnt":0,
        "status":"S",
        "probeType":"0",
        "agentId":"",
        "useYn":"1",
        "remark":""
    },
    {
        "systemId":"0002",
        "systemNm":"U.STRA TALK PORTAL",
        "systemGrpId":"001",
        "systemGrpNm":"U.STRA TALK",
        "mngDeptNm":"U-커뮤니케이션사업팀",
        "probeTm":"2020-07-02 09:13",
        "failTm":"",
        "succCnt":0,
        "failCnt":0,
        "status":"F",
        "probeType":"0",
        "agentId":"",
        "useYn":"1",
        "remark":""
    },
    {
        "systemId":"0003",
        "systemNm":"U.STRA TALK SENDER",
        "systemGrpId":"001",
        "systemGrpNm":"U.STRA TALK",
        "mngDeptNm":"U-커뮤니케이션사업팀",
        "probeTm":"2020-07-02 09:13",
        "failTm":"",
        "succCnt":0,
        "failCnt":0,
        "status":"S",
        "probeType":"1",
        "agentId":"",
        "useYn":"1",
        "remark":""
    },
    {
        "systemId":"0004",
        "systemNm":"(주)차바이오텍그룹",
        "systemGrpId":"002",
        "systemGrpNm":"U.STRA TALK Client",
        "mngDeptNm":"U-커뮤니케이션사업팀",
        "probeTm":"2020-07-02 09:13",
        "failTm":"",
        "succCnt":0,
        "failCnt":0,
        "status":"S",
        "probeType":"1",
        "agentId":"AGT-000014-DZ2RAVTI7",
        "useYn":"1",
        "remark":""
    },
    {
        "systemId":"0005",
        "systemNm":"GS리테일 슈퍼통합운영",
        "systemGrpId":"002",
        "systemGrpNm":"U.STRA TALK Client",
        "mngDeptNm":"U-커뮤니케이션사업팀",
        "probeTm":"2020-07-02 09:13",
        "failTm":"",
        "succCnt":0,
        "failCnt":0,
        "status":"S",
        "probeType":"1",
        "agentId":"AGT-000017-M8LHXV3XD",
        "useYn":"1",
        "remark":""
    },
    {
        "systemId":"0006",
        "systemNm":"GS리테일 CRM",
        "systemGrpId":"002",
        "systemGrpNm":"U.STRA TALK Client",
        "mngDeptNm":"U-커뮤니케이션사업팀",
        "probeTm":"2020-07-02 09:13",
        "failTm":"",
        "succCnt":0,
        "failCnt":0,
        "status":"F",
        "probeType":"1",
        "agentId":"AGT-000018-CMQBIEXS2",
        "useYn":"1",
        "remark":""
    },
    {
        "systemId":"0007",
        "systemNm":"GS리테일 POP CRM",
        "systemGrpId":"002",
        "systemGrpNm":"U.STRA TALK Client",
        "mngDeptNm":"U-커뮤니케이션사업팀",
        "probeTm":"2020-07-02 09:13",
        "failTm":"",
        "succCnt":0,
        "failCnt":0,
        "status":"X",
        "probeType":"1",
        "agentId":"AGT-000021-60OW5X6LV",
        "useYn":"1",
        "remark":""
    },
    {
        "systemId":"0008",
        "systemNm":"GS리테일 홈페이지",
        "systemGrpId":"002",
        "systemGrpNm":"U.STRA TALK Client",
        "mngDeptNm":"U-커뮤니케이션사업팀",
        "probeTm":"2020-07-02 09:13",
        "failTm":"",
        "succCnt":0,
        "failCnt":0,
        "status":"S",
        "probeType":"1",
        "agentId":"AGT-000022-3YLRXOQRR",
        "useYn":"1",
        "remark":""
    },
    {
        "systemId":"0009",
        "systemNm":"GS리테일 스마트어카운팅",
        "systemGrpId":"002",
        "systemGrpNm":"U.STRA TALK Client",
        "mngDeptNm":"U-커뮤니케이션사업팀",
        "probeTm":"2020-07-02 09:13",
        "failTm":"",
        "succCnt":0,
        "failCnt":0,
        "status":"S",
        "probeType":"1",
        "agentId":"AGT-000023-PG34REZQJ",
        "useYn":"1",
        "remark":""
    },
    {
        "systemId":"0010",
        "systemNm":"GS리테일 H&B",
        "systemGrpId":"002",
        "systemGrpNm":"U.STRA TALK Client",
        "mngDeptNm":"U-커뮤니케이션사업팀",
        "probeTm":"2020-07-02 09:13",
        "failTm":"",
        "succCnt":0,
        "failCnt":0,
        "status":"F",
        "probeType":"1",
        "agentId":"AGT-000024-QMAQWPQC4",
        "useYn":"1",
        "remark":""
    },
    {
        "systemId":"0011",
        "systemNm":"GS리테일 쿠폰시스템",
        "systemGrpId":"002",
        "systemGrpNm":"U.STRA TALK Client",
        "mngDeptNm":"U-커뮤니케이션사업팀",
        "probeTm":"2020-07-02 09:13",
        "failTm":"",
        "succCnt":0,
        "failCnt":0,
        "status":"S",
        "probeType":"1",
        "agentId":"AGT-000025-DCZOQ4OJE",
        "useYn":"1",
        "remark":""
    },
    {
        "systemId":"0012",
        "systemNm":"GS리테일 TMS",
        "systemGrpId":"002",
        "systemGrpNm":"U.STRA TALK Client",
        "mngDeptNm":"U-커뮤니케이션사업팀",
        "probeTm":"2020-07-02 09:13",
        "failTm":"",
        "succCnt":0,
        "failCnt":0,
        "status":"S",
        "probeType":"1",
        "agentId":"AGT-000027-T0PSVRYZI",
        "useYn":"1",
        "remark":""
    },
    {
        "systemId":"0013",
        "systemNm":"GS리테일 TDS",
        "systemGrpId":"002",
        "systemGrpNm":"U.STRA TALK Client",
        "mngDeptNm":"U-커뮤니케이션사업팀",
        "probeTm":"2020-07-02 09:13",
        "failTm":"",
        "succCnt":0,
        "failCnt":0,
        "status":"S",
        "probeType":"1",
        "agentId":"AGT-000028-IFWYJQY01",
        "useYn":"1",
        "remark":""
    },
    {
        "systemId":"0014",
        "systemNm":"GS리테일 그룹웨어",
        "systemGrpId":"002",
        "systemGrpNm":"U.STRA TALK Client",
        "mngDeptNm":"U-커뮤니케이션사업팀",
        "probeTm":"2020-07-02 09:13",
        "failTm":"",
        "succCnt":0,
        "failCnt":0,
        "status":"S",
        "probeType":"1",
        "agentId":"AGT-000029-50XEMSXYY",
        "useYn":"1",
        "remark":""
    },
    {
        "systemId":"0015",
        "systemNm":"GS리테일 편의점점포경영",
        "systemGrpId":"002",
        "systemGrpNm":"U.STRA TALK Client",
        "mngDeptNm":"U-커뮤니케이션사업팀",
        "probeTm":"2020-07-02 09:13",
        "failTm":"",
        "succCnt":0,
        "failCnt":0,
        "status":"X",
        "probeType":"1",
        "agentId":"AGT-000030-B0MS0RKCI",
        "useYn":"1",
        "remark":""
    },
    {
        "systemId":"0016",
        "systemNm":"Saas Platform Test #1",
        "systemGrpId":"001",
        "systemGrpNm":"SaaS Platform",
        "mngDeptNm":"SaaS플랫폼 구축 TF",
        "probeTm":"2020-07-02 09:13",
        "failTm":"",
        "succCnt":0,
        "failCnt":0,
        "status":"S",
        "probeType":"1",
        "agentId":"",
        "useYn":"1",
        "remark":""
    },
    {
        "systemId":"0017",
        "systemNm":"Saas Platform Test #2",
        "systemGrpId":"001",
        "systemGrpNm":"SaaS Platform",
        "mngDeptNm":"SaaS플랫폼 구축 TF",
        "probeTm":"2020-07-02 09:13",
        "failTm":"",
        "succCnt":0,
        "failCnt":0,
        "status":"S",
        "probeType":"1",
        "agentId":"",
        "useYn":"1",
        "remark":""
    },
    {
        "systemId":"0018",
        "systemNm":"(주)스피쿠스",
        "systemGrpId":"002",
        "systemGrpNm":"U.STRA TALK Client",
        "mngDeptNm":"U-커뮤니케이션사업팀",
        "probeTm":"2020-07-02 09:13",
        "failTm":"",
        "succCnt":0,
        "failCnt":0,
        "status":"S",
        "probeType":"1",
        "agentId":"AGT-000020-R320LLXMP",
        "useYn":"1",
        "remark":""
    }

]


